keyword,count
agence rossel,16
ecrire agence,14
rossel num,10
new york,9
l’agence rossel,8
faire offre,8
bruxelles tél,8
division iii,7
van den,7
bons gages,6
bon état,6
bruxelles paris,5
journal quotidien,5
congo belge,5
bruxelles demande,5
van der,4
bel app,4
importante firme,4
bruxelles dem,4
rue neuve,4
dames dem,4
congrès tél,4
demeurant rue,4
opel oly,4
musique légère,4
dimanche division,3
firme importante,3
taverne dem,3
derniere edition,3
edition parue,3
opel olympia,3
sir winston,3
affaires étrangères,3
habitant rue,3
enf. adm,3
couture dem,3
avis tient,3
tient lieu,3
journal télévisé,3
gouvernement français,2
grand prix,2
louer app,2
importante société,2
importante demande,2
office propriétaires,2
soir vendredi,2
brux tél,2
rue royale,2
l’enseignement libre,2
l’instruction publique,2
dimanche dernier,2
van rooy,2
importante societe,2
curriculum vitae,2
theatre national,2
patisserie dem,2
midi tél,2
winston churchill,2
princesse margaret,2
banque nationale,2
royal dutch,2
iii serie,2
van damme,2
scolaires provinciale,2
juniors provinciale,2
bat van,2
équipes goals,2
van vaerenbergh,2
soir dimanche,2
théâtre national,2
enfants admis,2
d’une fracture,2
conseil communal,2
prie d’annoncer,2
monsieur joseph,2
présent avis,2
musique legere,2
paris inter,2
concert symphonique,2
grands concerts,2
dem. fem,2
cours jour,2
app. mod,2
grands magasins,2
van camp,2
mardi soir,2
skin cream,2
dry skin,2
ben youssef,2
l’assemblée nationale,1
qu’il faut,1
parlement français,1
coupe davis,1
van looy,1
stade français,1
red star,1
miss connolly,1
white star,1
costa rica,1
pékin tokio,1
etats américains,1
porte louise,1
quartier louise,1
louise studios,1
demande representant,1
cherche representant,1
recepteurs radio,1
pierrette bruno,1
edouard delmont,1
roi dagobert,1
bon roi,1
meunier cornille,1
maurice garçon,1
alfred manessier,1
julien sorel,1
dagobert qu’il,1
comité d’appel,1
maître cornillc,1
théâtre lyrique,1
edith cavell,1
scene touchante,1
médecine psychosomatique,1
d’un bon,1
van glabbeke,1
révolution chine,1
paris riverain,1
chine nouvelle,1
situation politique,1
paris gare,1
installation d’un,1
d’un mot,1
d’un centre,1
tour eiffel,1
nouveau lux,1
mais. rapp,1
maison rapp,1
libre tél,1
l’enseignement officiel,1
ligue arabe,1
projet français,1
l’enseignement public,1
charles buis,1
flandre orientale,1
travaux publics,1
chambre syndicale,1
ancien ministre,1
moll jeté,1
fresh air,1
coupe rlmet,1
trouvez partout,1
gros gains,1
curriculum vitæ,1
louer appart,1
louer tél,1
arenberg tél,1
bonnes piqueuses,1
wavre tél,1
nuit dern,1
citroen renault,1
credit fiat,1
le'soir tîlffl,1
ecriture nette,1
ecriture légère,1
capri chromé,1
paper-mate capri,1
pointe argentee,1
travaux techniques,1
pointe fine,1
garantit l'écriture,1
soyez médecin,1
puissiez acheter,1
haute précision,1
meilleure encre,1
meilleur stylo,1
petite merveille,1
machines spèciales,1
spèciales suisses,1
formule secrète,1
maison tél,1
bonne maison,1
jolie maison,1
belle maison,1
maison rentier,1
belle villa,1
tél. mat,1
vendre rue,1
francs office,1
avenue louise,1
villa mod,1
agence rossei,1
navy shoe,1
rossei num,1
l'agence rossei,1
ecrire âge,1
jeune employee,1
bonnes notions,1
entrée gratuite,1
jours ouvrables,1
samedis entrée,1
maison d'habitation,1
