sentence,polarity,subjectivity
6-3.,0.0,0.0
Ilasselt — Overpelt 2—0 Lommel — C.,0.0,0.0
"un ennemi impitoyable ""en;Ta personne côllective' du .groupe -républicain -populaire, qui - l'accusa • d'être, le vrai responsable de l’échec.",0.0,0.0
dem.,0.0,0.0
"83398 00374

VENDREDI 15 AVRIL 1955 - LE som La Conférence asiafico-africaine de Bandoeng avons déjà, a plusieurs re-1 hollandais reconstruit et réqulsi-1 De plus, certains délégués seront No us ivoaué la conférence asia- tionné pour abriter les délégués des escortes par leurs gardes du corps.",0.0,0.0
référ.,0.0,0.0
16 0 0 Nieuport f 2 3 7 0 Oxh.lnt.a.,0.0,0.0
AVIS A NOS LECTEURS tre service de vente- se tient.,0.0,0.0
lm.,0.0,0.0
"pi, Madpu, r.- d.-ch.",0.0,0.0
